anio,eslabon,provincia,ventas,compras,exportaciones,margen_valor_agregado_pct,intensidad_export_pct
2023,A_cultivo,AZUAY,121201272.17,78444894.73,20095050.94,35.28,16.58
2023,A_cultivo,BOLIVAR,37666384.02,25264214.95,3221783.58,32.93,8.55
2023,A_cultivo,CARCHI,107242302.15,72697618.29,25080985.2,32.21,23.39
2023,A_cultivo,CAÑAR,106698110.19,61390360.44,244636.65,42.46,0.23
2023,A_cultivo,CHIMBORAZO,91181385.71,73361509.9,196077.91,19.54,0.22
2023,A_cultivo,COTOPAXI,647525233.39,460791957.38,267835174.47,28.84,41.36
2023,A_cultivo,EL ORO,1882606266.86,1460598879,35912982.96,22.42,1.91
2023,A_cultivo,ESMERALDAS,281199559.03999996,174579908.28,8907844.86,37.92,3.17
2023,A_cultivo,GALAPAGOS,9628612.07,7188834.28,0,25.34,0
2023,A_cultivo,GUAYAS,9630341340.18,7945891757.69,4159798193.57,17.49,43.19
2023,A_cultivo,IMBABURA,182313250.41,114866971.28,62305637.1,36.99,34.18
2023,A_cultivo,LOJA,107289868.58,76585101.11,343011.5,28.62,0.32
2023,A_cultivo,LOS RIOS,1255836163.96,914422118.46,94440469.82,27.19,7.52
2023,A_cultivo,MANABI,1430183835.19,1108457243.89,236322596.85,22.5,16.52
2023,A_cultivo,MORONA SANTIAGO,37057637.8,29159291.27,5054029.82,21.31,13.64
2023,A_cultivo,NAPO,21274226.17,15108869.35,0,28.98,0
2023,A_cultivo,ORELLANA,58938029.18,30370370.14,1.07,48.47,0
2023,A_cultivo,PASTAZA,14690041.33,13925217.799999999,818667.37,5.21,5.57
2023,A_cultivo,PICHINCHA,2371231077.12,1535211950.64,1126617336.94,35.26,47.51
2023,A_cultivo,SANTA ELENA,287148569.18,220548522.79,11885640.78,23.19,4.14
2023,A_cultivo,SANTO DOMINGO DE LOS TSACHILAS,563997682.9,426364241.41,42672214.08,24.4,7.57
2023,A_cultivo,SUCUMBIOS,61863967.76,38804419.15,0.01,37.27,0
2023,A_cultivo,TUNGURAHUA,437612586.19,370357130.55,10580225.94,15.37,2.42
2023,A_cultivo,ZAMORA CHINCHIPE,15766069.93,10490137.32,1184910,33.46,7.52
2023,C_procesamiento,AZUAY,2067246515.3500001,1588796601.5,150199743.9,23.14,7.27
2023,C_procesamiento,BOLIVAR,13925256.290000001,11818053.35,0,15.13,0
2023,C_procesamiento,CARCHI,31636100.83,26092960.77,320375.92,17.52,1.01
2023,C_procesamiento,CAÑAR,163512949.98,113763238.28,3722784.88,30.43,2.28
2023,C_procesamiento,CHIMBORAZO,152249968.08,132184672.95,473956.98,13.18,0.31
2023,C_procesamiento,COTOPAXI,229573263.84,192111300.95,731112.17,16.32,0.32
2023,C_procesamiento,EL ORO,291434374.97,246822420.26,50680892.55,15.31,17.39
2023,C_procesamiento,ESMERALDAS,91272990.25,79761223.55,17813936.56,12.61,19.52
2023,C_procesamiento,GALAPAGOS,11684224.23,8243010.600000001,478.45,29.45,0
2023,C_procesamiento,GUAYAS,15121344845.32,11782595726.63,3052226907.84,22.08,20.18
2023,C_procesamiento,IMBABURA,297859742.23,226923357.25,6337259.08,23.82,2.13
2023,C_procesamiento,LOJA,146281729.72,111446934.83,2123084.53,23.81,1.45
2023,C_procesamiento,LOS RIOS,340280943.84,290180084.93,13627776.07,14.72,4
2023,C_procesamiento,MANABI,3154723233.73,2511941742.7599998,1386282978.38,20.38,43.94
2023,C_procesamiento,MORONA SANTIAGO,11018334.18,9482840.48,0,13.94,0
2023,C_procesamiento,NAPO,9509969.95,8011354.44,20912.399999999998,15.76,0.22
2023,C_procesamiento,ORELLANA,40874543.17,28295099.599999998,200,30.78,0
2023,C_procesamiento,PASTAZA,15243534.79,11630797.790000001,65679.13,23.7,0.43
2023,C_procesamiento,PICHINCHA,11804401331.6,8975478242.49,800317953.72,23.96,6.78
2023,C_procesamiento,SANTA ELENA,170652029.03,146824777.42000002,9901668.82,13.96,5.8
2023,C_procesamiento,SANTO DOMINGO DE LOS TSACHILAS,206278651.29,173622593.21,10371729.5,15.83,5.03
2023,C_procesamiento,SUCUMBIOS,36059355.32,32039113.97,614876.5,11.15,1.71
2023,C_procesamiento,TUNGURAHUA,932209619.5,760277962.5,39928122.22,18.44,4.28
2023,C_procesamiento,ZAMORA CHINCHIPE,23362534.41,33798641.75,0,-44.67,0
2023,G_comercio,AZUAY,4424058248.63,3865987366.84,27196162,12.61,0.61
2023,G_comercio,BOLIVAR,159382021.85,146169797.88,1453.03,8.29,0
2023,G_comercio,CARCHI,329619486.66,320596075.11,10405380.82,2.74,3.16
2023,G_comercio,CAÑAR,405221820.34,385195004.21999997,674501.85,4.94,0.17
2023,G_comercio,CHIMBORAZO,708661544.46,675491335.97,4813391.47,4.68,0.68
2023,G_comercio,COTOPAXI,789807801.43,733999976.14,30603970.88,7.07,3.87
2023,G_comercio,EL ORO,3260346987.57,3051040743.16,930333028.44,6.42,28.53
2023,G_comercio,ESMERALDAS,629529056.97,558072344.49,19222847.11,11.35,3.05
2023,G_comercio,GALAPAGOS,96477809.9,85820066.48,114471.26,11.05,0.12
2023,G_comercio,GUAYAS,35365699732.74,30859360594.079998,4690127257.46,12.74,13.26
2023,G_comercio,IMBABURA,911192936.8,863818705.69,7577400.29,5.2,0.83
2023,G_comercio,LOJA,970089402.88,917030371.38,2973023.0700000003,5.47,0.31
2023,G_comercio,LOS RIOS,2057557277.3700001,1814944837.8,231142637.5,11.79,11.23
2023,G_comercio,MANABI,3538854455.23,3203144921.58,399399637.8,9.49,11.29
2023,G_comercio,MORONA SANTIAGO,194702316.14000002,194064545.5,2008892.51,0.33,1.03
2023,G_comercio,NAPO,117830052.42,115489563.83,51860.42,1.99,0.04
2023,G_comercio,ORELLANA,260194271.62,246016640.49,27.78,5.45,0
2023,G_comercio,PASTAZA,138142649.14,130765147.86,1099311.17,5.34,0.8
2023,G_comercio,PICHINCHA,46555836107.340004,31307918706.05,8253722078.38,32.75,17.73
2023,G_comercio,SANTA ELENA,567091708.13,507486809.65,11740581.63,10.51,2.07
2023,G_comercio,SANTO DOMINGO DE LOS TSACHILAS,2112092770.46,1959967592.52,161941315.34,7.2,7.67
2023,G_comercio,SUCUMBIOS,380514117.86,364207275.65999997,24478.6,4.29,0.01
2023,G_comercio,TUNGURAHUA,2372054075.64,2175389071.23,28426148.98,8.29,1.2
2023,G_comercio,ZAMORA CHINCHIPE,229786460.77,235873714.71,4121.31,-2.65,0
2024,A_cultivo,AZUAY,125044972.2,77512630.8,11705837.23,38.01,9.36
2024,A_cultivo,BOLIVAR,68904741.96,49783627.83,11859930.82,27.75,17.21
2024,A_cultivo,CARCHI,124342426.28,84226682.78,34491706.04,32.26,27.74
2024,A_cultivo,CAÑAR,139554384.46,70518136.19,211665.25,49.47,0.15
2024,A_cultivo,CHIMBORAZO,98427121.89,77053861.44,160237.8,21.71,0.16
2024,A_cultivo,COTOPAXI,698611762.1,493725915.07,303783799.14,29.33,43.48
2024,A_cultivo,EL ORO,1868298245.88,1314555899.83,39470814.42,29.64,2.11
2024,A_cultivo,ESMERALDAS,529039599.87,306917418,17811549.9,41.99,3.37
2024,A_cultivo,GALAPAGOS,9084291.04,6535839.3,143225.75,28.05,1.58
2024,A_cultivo,GUAYAS,10719946338.5,8525741474.01,4333030241.26,20.47,40.42
2024,A_cultivo,IMBABURA,199121559.42,121391682.03,70714390.15,39.04,35.51
2024,A_cultivo,LOJA,117246430.09,81801327.7,283618.62,30.23,0.24
2024,A_cultivo,LOS RIOS,1571452410.66,1103609944.55,151028001,29.77,9.61
2024,A_cultivo,MANABI,1544208565.43,1195483894.06,333648114.98,22.58,21.61
2024,A_cultivo,MORONA SANTIAGO,39027254.71,28845270.11,5884383.53,26.09,15.08
2024,A_cultivo,NAPO,20686535.37,14725601.77,45,28.82,0
2024,A_cultivo,ORELLANA,80612199.06,38863219.550000004,0.08,51.79,0
2024,A_cultivo,PASTAZA,12643746.379999999,10338420.02,557543.82,18.23,4.41
2024,A_cultivo,PICHINCHA,2583983017.81,1662952483.14,1239789363.6200001,35.64,47.98
2024,A_cultivo,SANTA ELENA,274982154.24,211240075.26,12530248,23.18,4.56
2024,A_cultivo,SANTO DOMINGO DE LOS TSACHILAS,833804219.28,629438462.66,47030338.44,24.51,5.64
2024,A_cultivo,SUCUMBIOS,97191351.57000001,54754052.62,14603,43.66,0.02
2024,A_cultivo,TUNGURAHUA,418861268.02,460133525.29,10339821.05,-9.85,2.47
2024,A_cultivo,ZAMORA CHINCHIPE,16058676.32,10615123.55,705600,33.9,4.39
2024,C_procesamiento,AZUAY,1975438525.16,1526100156.43,143255525.09,22.75,7.25
2024,C_procesamiento,BOLIVAR,14837699.709999999,12913220.46,0,12.97,0
2024,C_procesamiento,CARCHI,28288523.33,24513489.54,0,13.34,0
2024,C_procesamiento,CAÑAR,180254683.46,134634610.19,4339479.43,25.31,2.41
2024,C_procesamiento,CHIMBORAZO,162220982.55,134339256.04,1307736.99,17.19,0.81
2024,C_procesamiento,COTOPAXI,228831536.08,183701626.95,793882.79,19.72,0.35
2024,C_procesamiento,EL ORO,283705810.83,241804809,44705868.65,14.77,15.76
2024,C_procesamiento,ESMERALDAS,105835143.53,97112638.22,23107743.47,8.24,21.83
2024,C_procesamiento,GALAPAGOS,11962938.14,8100794,0,32.28,0
2024,C_procesamiento,GUAYAS,14722449041.14,11400058749.41,3113002457.63,22.57,21.14
2024,C_procesamiento,IMBABURA,296108988.25,229891306.06,6536971.43,22.36,2.21
2024,C_procesamiento,LOJA,148133122.66,113104834.89,2368114.87,23.65,1.6
2024,C_procesamiento,LOS RIOS,370576704.56,314133726.96,27650363.7,15.23,7.46
2024,C_procesamiento,MANABI,3296274997.37,2836244915.81,1607135678.74,13.96,48.76
2024,C_procesamiento,MORONA SANTIAGO,10472844.92,9408971.049999999,0,10.16,0
2024,C_procesamiento,NAPO,11314431.62,9565921.57,1339.75,15.45,0.01
2024,C_procesamiento,ORELLANA,52087385.23,36259238.37,153800,30.39,0.3
2024,C_procesamiento,PASTAZA,19708713.169999998,14607674.16,132691.57,25.88,0.67
2024,C_procesamiento,PICHINCHA,11445054508.08,8916373913.43,1038737143.82,22.09,9.08
2024,C_procesamiento,SANTA ELENA,135249735.23,106314854.87,5789035.28,21.39,4.28
2024,C_procesamiento,SANTO DOMINGO DE LOS TSACHILAS,219031190.48,187177321.8,10800693.37,14.54,4.93
2024,C_procesamiento,SUCUMBIOS,35784018.34,28809726.34,493979.71,19.49,1.38
2024,C_procesamiento,TUNGURAHUA,929312702.61,720268952.82,44882636.18,22.49,4.83
2024,C_procesamiento,ZAMORA CHINCHIPE,33975957.67,41586095.12,126531,-22.4,0.37
2024,G_comercio,AZUAY,4417366748.15,3869250300.94,99912766.06,12.41,2.26
2024,G_comercio,BOLIVAR,214490822.43,213200098.98,1707020.66,0.6,0.8
2024,G_comercio,CARCHI,364234710.43,348865919.73,14750101.82,4.22,4.05
2024,G_comercio,CAÑAR,461894207.9,428572863.7,1726433.28,7.21,0.37
2024,G_comercio,CHIMBORAZO,723453251.07,683653421.64,5345983.72,5.5,0.74
2024,G_comercio,COTOPAXI,813586037.55,754494218.5,27331255.96,7.26,3.36
2024,G_comercio,EL ORO,3123196622.94,2880400821.4,812858789.87,7.77,26.03
2024,G_comercio,ESMERALDAS,934702465.02,795243074.95,25197969.03,14.92,2.7
2024,G_comercio,GALAPAGOS,93105468.86,77139898.2,0.04,17.15,0
2024,G_comercio,GUAYAS,37121882330.87,32665715333.19,6435969152.82,12,17.34
2024,G_comercio,IMBABURA,878047558.42,822393194.26,11241677.31,6.34,1.28
2024,G_comercio,LOJA,973075678.35,918456562.22,3414948.15,5.61,0.35
2024,G_comercio,LOS RIOS,2912653898.57,2459553207.57,455309573.18,15.56,15.63
2024,G_comercio,MANABI,3805195767.4,3402054318.27,510625096.37,10.59,13.42
2024,G_comercio,MORONA SANTIAGO,198442697,198037898.31,2546789.57,0.2,1.28
2024,G_comercio,NAPO,132547767.73,127236478.99,2266546.76,4.01,1.71
2024,G_comercio,ORELLANA,305000262.87,278346455.46,325.07,8.74,0
2024,G_comercio,PASTAZA,129393830.75,125804301.74,317398.03,2.77,0.25
2024,G_comercio,PICHINCHA,46044059263.34,30587510426.73,8553864310.14,33.57,18.58
2024,G_comercio,SANTA ELENA,582282049.76,520493914.61,30284101.25,10.61,5.2
2024,G_comercio,SANTO DOMINGO DE LOS TSACHILAS,2427096214.63,2234780630.48,237865707.6,7.92,9.8
2024,G_comercio,SUCUMBIOS,421998073.24,398584979.68,4335.16,5.55,0
2024,G_comercio,TUNGURAHUA,2188675873.64,1958675520.73,24291353.92,10.51,1.11
2024,G_comercio,ZAMORA CHINCHIPE,270387341.9,272472174.88,111881.35,-0.77,0.04
